{
  "entityMetadata":
  [{
    "entityId" : "https://esmo.uji.es/gw/saml/ap/attributeService/metadata.xml",
    "defaultDisplayName" : "UJI Attribute Provider",
    "displayNames" : {"ES" : "UJI Proveedor de Attributos","EN" : "UJI Attribute Provider"},
    "logo" : "AWDGRsFbFDEfFGTNNJKKYGFVFfDDSSSDCCC==",
    "location" : "ES|Spain",
    "protocol" : "SAML22",
    "microservice" : ["SAMLms001"],
    "claims" : ["eduPersonUniqueId", "eduPersonAffiliation", "eduPersonPrimaryAffiliation" , "mail", "schacExpiryDate", "mobile", "eduPersonPrincipalName", "eduPersonPrincipalNamePrior",
	"displayName","sn","givenName","StudyProgram","eduOrgPostalAddress","eduOrgCn","schacHomeOrganization", "eduPersonOrgUnitDN", "eduOrgLegalName", "eduOrgL", "o", "eduOrgHomePageURI"],
    "endpoints" : [
      {
        "type":"UJIattributeService",
        "method":"HTTP-POST",
        "url":"https://esmo.uji.es/gw/saml/ap/attributeService.php"
      }
      ],
    "securityKeys" : [
      {
        "keyType":"RSAPublicKey",
        "usage":"signing",
        "key":"MDAACaFgw...xFgy="
      },
	    {
	      "keyType":"RSAPublicKey",
        "usage":"encryption",
        "key":"MDAACaFgw...xFgy="
      }
      ],
    "encryptResponses" : false,
    "supportedEncryptionAlg" : ["AES256","AES512"],
    "signResponses": true,
    "supportedSigningAlg" : ["RSA-SHA256"],
    "otherData" : {
	    "additionalProtocolSpecific" : {"xyz" : "123", "abc" : "rsa"}
    }
  },
  {
    "entityId" : "https://esmo.uji.es/gw/saml/ap/eduGAINattributeService/metadata.xml",
    "defaultDisplayName" : "UJI eduGAIN Attribute Provider",
    "displayNames" : {"ES" : "UJI eduGAIN Proveedor de Attributos","EN" : "UJI Attribute Provider"},
    "logo" : "AWDGRsFbFDEfFGTNNJKKYGFVFfDDSSSDCCC==",
    "location" : "ES|Spain",
    "protocol" : "SAML22",
    "microservice" : ["SAMLms001"],
    "claims" : ["eduPersonAffiliation","mail","eduPersonPrincipalName", "displayName","schacHomeOrganization"],
    "endpoints" : [

	  {
        "type":"eduGAINap",
        "method":"HTTP-POST",
        "url":"https://esmo.uji.es/gw/saml/idp/eduGAINvleService.php"
      }
      ],
    "securityKeys" : [
      {
        "keyType":"RSAPublicKey",
        "usage":"signing",
        "key":"MDAACaFgw...xFgy="
      },
	    {
	      "keyType":"RSAPublicKey",
        "usage":"encryption",
        "key":"MDAACaFgw...xFgy="
      }
      ],
    "encryptResponses" : false,
    "supportedEncryptionAlg" : ["AES256","AES512"],
    "signResponses": true,
    "supportedSigningAlg" : ["RSA-SHA256"],
    "otherData" : {
	    "additionalProtocolSpecific" : {"xyz" : "123", "abc" : "rsa"}
    }
  }]
}