{
  "entityMetadata":
  [{
    "entityId" : "https://esmo.uji.es/gw/saml/idp/metadata.xml",
    "defaultDisplayName" : "UJI Identity Provider",
    "displayNames" : {"ES" : "UJI Proveedor de Identidad","EN" : "UJI Identity Provider"},
    "logo" : "AWDGRsFbFDEfFGTNNJKKYGFVFfDDSSSDCCC==",
    "location" : "ES|Spain",
    "protocol" : "SAML22",
    "microservice" : ["SAMLms001"],
    "claims" : ["FamilyName","FirstName","DateOfBirth","PersonIdentifier","BirthName","PlaceofBirth", "CurrentAddress","Gender"],
    "endpoints" : [
      {
        "type":"SSOService",
        "method":"HTTP-POST",
        "url":"https://esmo.uji.es/gw/saml/idp/SSOService.php"
      },
      {
        "type":"SLOService",
        "method":"HTTP-GET",
        "url":"https://esmo.uji.es/gw/saml/idp/SLOService.php"
      }
      ],
    "securityKeys" : [
      {
        "keyType":"RSAPublicKey",
        "usage":"signing",
        "key":"MDAACaFgw...xFgy="
      },
	    {
	      "keyType":"RSAPublicKey",
        "usage":"encryption",
        "key":"MDAACaFgw...xFgy="
      }
      ],
    "encryptResponses" : false,
    "supportedEncryptionAlg" : ["AES256","AES512"],
    "signResponses": true,
    "supportedSigningAlg" : ["RSA-SHA256"],
    "otherData" : {
	    "attributeMappingToEIDAS" : {"displayName" : "CurrentGivenName", "surname" : "CurrentFamilyName"}
    }
  }]
}