{
  "entityMetadata":
  [{
    "entityId" : "https://esmo.uji.es/gw/saml/sp/enrolmentSP/metadata.xml",
    "defaultDisplayName" : "UJI Enrolment Service Provider",
    "displayNames" : {"ES" : "UJI Proveedor de Servicios de Registracion","EN" : "UJI Enrolment Service Provider"},
    "logo" : "AWDGRsFbFDEfFGTNNJKKYGFVFfDDSSSDCCC==",
    "location" : "ES|Spain",
    "protocol" : "SAML22",
    "microservice" : ["SAMLms001"],
    "claims" : ["eduPersonUniqueId", "eduPersonAffiliation", "eduPersonPrimaryAffiliation" , "mail", "schacExpiryDate", "mobile", "eduPersonPrincipalName", "eduPersonPrincipalNamePrior",
	"displayName","sn","givenName","StudyProgram","eduOrgPostalAddress","eduOrgCn","schacHomeOrganization", "eduPersonOrgUnitDN", "eduOrgLegalName", "eduOrgL", "o", "eduOrgHomePageURI"],
    "endpoints" : [
      {
        "type":"UJIenrolCallBack",
        "method":"HTTP-POST",
        "url":"https://esmo.uji.es/gw/saml/sp/studEnrolServiceCallBack.php"
      }
      ],
    "securityKeys" : [
      {
        "keyType":"RSAPublicKey",
        "usage":"signing",
        "key":"MDAACaFgw...xFgy="
      },
	    {
	    "keyType":"RSAPublicKey",
        "usage":"encryption",
        "key":"MDAACaFgw...xFgy="
      }
      ],
    "encryptResponses" : false,
    "supportedEncryptionAlg" : ["AES256","AES512"],
    "signResponses": true,
    "supportedSigningAlg" : ["RSA-SHA256"],
    "otherData" : {
	    "additionalProtocolSpecific" : {"xyz" : "123", "abc" : "rsa"}
    }
  },
  {
    "entityId" : "https://esmo.uji.es/gw/saml/sp/vleSP/metadata.xml",
    "defaultDisplayName" : "UJI VLE Service Provider",
    "displayNames" : {"ES" : "UJI VLE Proveedor de Servicios","EN" : "UJI VLE Service Provider"},
    "logo" : "AWDGRsFbFDEfFGTNNJKKYGFVFfDDSSSDCCC==",
    "location" : "ES|Spain",
    "protocol" : "SAML22",
    "microservice" : ["SAMLms001"],
    "claims" : ["eduPersonUniqueId", "mail", "schacExpiryDate", "mobile", "StudyProgram","schacHomeOrganization", "eduPersonOrgUnitDN",  "o"],
    "endpoints" : [
      {
        "type":"UJIvleCallBack",
        "method":"HTTP-POST",
        "url":"https://esmo.uji.es/gw/saml/idp/vleServiceCallBack.php"
      },
	  {
        "type":"eduGAINvleCallBack",
        "method":"HTTP-POST",
        "url":"https://esmo.uji.es/gw/saml/idp/eduGAINvleServiceCallBack.php"
      }
      ],
    "securityKeys" : [
      {
        "keyType":"RSAPublicKey",
        "usage":"signing",
        "key":"MDAACaFgw...xFgy="
      },
	    {
	      "keyType":"RSAPublicKey",
        "usage":"encryption",
        "key":"MDAACaFgw...xFgy="
      }
      ],
    "encryptResponses" : false,
    "supportedEncryptionAlg" : ["AES256","AES512"],
    "signResponses": true,
    "supportedSigningAlg" : ["RSA-SHA256"],
    "otherData" : {
	    "additionalProtocolSpecific" : {"xyz" : "123", "abc" : "rsa"}
    }
  }]
}