{
    AttributesList:
    [
	{
		"name"			: "http://eidas.europa.eu/attribute/naturalperson/CurrentFamilyName",
        "friendlyName"	: "FamilyName",  
        "encoding"    	: "UTF-8",		// UTF-8, BASE64, etc.
		"language"    	: "string",		// ES_es, EN_en, etc.
        "isMandatory" 	: true,			// true, false
        "values"      	: ["string"]	// Smith, Rodriguez Gonzalez etc.
    },
    {
        "name"			: "http://eidas.europa.eu/attributes/naturalperson/CurrentGivenName",
        "friendlyName"	: "FirstName",		
        "encoding"    	: "UTF-8",		// UTF-8, BASE64, etc.
        "language"    	: "string",     // ES_es, EN_en, etc.
        "isMandatory" 	: true,         // true, false
        "values"      	: ["string"]		// John, Juan etc.
    },
    {
        "name" 			: "http://eidas.europa.eu/attributes/naturalperson/DateOfBirth",
        "friendlyName"	: "DateOfBirth",
        "encoding"    	: "UTF-8",		// UTF-8, BASE64, etc.
        "language"    	: "string",     // ES_es, EN_en, etc.
        "isMandatory" 	: true,         // true, false
        "values"      	: "string"		// YYYY-MM-DD
    },
    {
        "name"			: "http://eidas.europa.eu/attributes/naturalperson/PersonIdentifier",
        "friendlyName"	: "PersonIdentifier",  
        "encoding"    	: "UTF-8",		// UTF-8, BASE64, etc.
        "language"    	: "string",     // ES_es, EN_en, etc.
        "isMandatory" 	: true,         // true, false
        "values"      	: "string"	  	// ES/AT/02635542Y etc.
    }
	,
    {
        "name" 			: "http://eidas.europa.eu/attributes/naturalperson/BirthName",
        "friendlyName"	: "BirthName",
        "encoding"    	: "UTF-8",		// UTF-8, BASE64, etc.
        "language"    	: "string",     // ES_es, EN_en, etc.
        "isMandatory" 	: false,        // true, false
        "values"      	: ["string"]	// Smith, Jones etc.
    },
    {
        "name" 			: "http://eidas.europa.eu/attributes/naturalperson/PlaceOfBirth",
        "friendlyName"	: "PlaceOfBirth",  
        "encoding"    	: "UTF-8",		// UTF-8, BASE64, etc.
        "language"    	: "string",     // ES_es, EN_en, etc.
        "isMandatory" 	: false,        // true, false
        "values"      	: "string"	// Peterborough, Paisley etc.
    },
    {
        "name" 			: "http://eidas.europa.eu/attributes/naturalperson/CurrentAddress",
        "friendlyName"	: "CurrentAddress",  
        "encoding"    	: "UTF-8",		// UTF-8, BASE64, etc.
        "language"    	: "string",     // ES_es, EN_en, etc.
        "isMandatory" 	: false,        // true, false
        "values"      	: 
			[
			{
				"LocatorDesignator"	: "string",	// 22, 1063 etc.
				"Thoroughfare"		: "string",	// Arcacia Avenue, St. Michael Street etc.
				"PostName"		    : "string",	// London, Glasgow etc.
				"PostCode"	    	: "string"	// BN3 1PH, IV27 4JQ etc.
			}
			]
    },
    {
        "name"			: " http://eidas.europa.eu/attributes/naturalperson/Gender",
        "friendlyName"	: "Gender",  
        "encoding"    	: "UTF-8",		// UTF-8, BASE64, etc.
        "language"    	: "string",		// ES_es, EN_en, etc.
        "isMandatory" 	: false,		// true, false
        "values"      	: "string"		// Male / Female / Not Specified
    }
    ]
}