{
	AttributesList:
    [	
	{
		"name" : "https://wiki.refeds.org/download/attachments/1606048/schac-20150413-1.5.0.schema.txt?version=1&modificationDate=1429044813839&api=v2#schacExpiryDate",
        "friendlyName"	: "schacExpiryDate", 
        "encoding"		: "UTF-8", 
        "isMandatory"	: "false",
        "values"		: "string"
    },	
	{
		"name" : "https://wiki.refeds.org/download/attachments/1606048/schac-20150413-1.5.0.schema.txt?version=1&modificationDate=1429044813839&api=v2#schacHomeOrganization",
        "friendlyName"	: "schacHomeOrganization", 
        "encoding"		: "UTF-8", 
        "isMandatory"	: "false",
        "values"		: "string"
    }
	]
}

